id,text,subject,createdAt,updatedAt,PostId,CommenterId
1,"How can we categorize those who support conspiracy theories, and who claim that this virus was introduced specifically to decimate the population?",0,2024-06-10 13:24:11.386000+00:00,2024-06-10 13:24:11.404000+00:00,807,301
28,"Scientists has already justified the use of GMOs, nothing to worry about.",4,2024-06-10 15:00:54.433000+00:00,2024-06-10 15:00:54.440000+00:00,1269,193
2,i agree with you,0,2024-06-10 13:26:48.506000+00:00,2024-06-10 13:26:48.526000+00:00,1238,299
19,Medicare is very positive ,2,2024-06-10 13:59:28.622000+00:00,2024-06-10 13:59:28.636000+00:00,1265,325
3,"I agree with you, but do we have a guarantee that GMO is safe?",4,2024-06-10 13:26:50.938000+00:00,2024-06-10 13:26:50.948000+00:00,678,301
4,"What are the main advantages of wearing a mask during the pandemic, and if anyone thinks that in addition to the advantages there are also disadvantages?",0,2024-06-10 13:30:58.325000+00:00,2024-06-10 13:30:58.350000+00:00,781,301
5,"My opinion is that the advantages of wearing a mask are multiple and huge, while the disadvantages are completely missing!",0,2024-06-10 13:33:18.266000+00:00,2024-06-10 13:33:18.279000+00:00,781,301
20,axing wealth ‚Äî including unrealized gains ‚Äî is the worst way to tax,3,2024-06-10 14:03:09.323000+00:00,2024-06-10 14:03:09.337000+00:00,1246,292
6,Has this negative influence been demonstrated experimentally?,4,2024-06-10 13:34:36.225000+00:00,2024-06-10 13:34:36.245000+00:00,451,301
7,Was Trump wrong when he said that Covid-19 is actually the Chinese virus? I ask you to express your opinion here.,0,2024-06-10 13:36:46.343000+00:00,2024-06-10 13:36:46.360000+00:00,716,301
8,"I honestly believe that GMOs are a revolution in human nutrition, just as pesticides were a revolution in agriculture! That is, just as without pesticides we can no longer do agriculture, in the same way without GMOs we will no longer be able to feed an exponentially growing population.",4,2024-06-10 13:41:28.978000+00:00,2024-06-10 13:41:28.994000+00:00,511,301
21,Who can determine what is the limit from which wealth is unacceptable?,3,2024-06-10 14:09:25.348000+00:00,2024-06-10 14:09:25.354000+00:00,1131,301
9,it is very challenge to trump,0,2024-06-10 13:41:53.910000+00:00,2024-06-10 13:41:53.936000+00:00,1125,229
10,Yes Let's we all support this positive change! üí™,2,2024-06-10 13:44:30.343000+00:00,2024-06-10 13:44:30.353000+00:00,1226,184
29,there are greater threats than COVID. The world economy has fallen drastically. We should look into this matter now.,0,2024-06-10 15:06:41.437000+00:00,2024-06-10 15:06:41.442000+00:00,1151,5
11,its really worked !!!!!,2,2024-06-10 13:46:18.569000+00:00,2024-06-10 13:46:18.579000+00:00,792,247
22,"I quite agree with you, GMOs not only produce best nutritious food but also free of pests and other harmful insects and the use of chemicals like pesticides, inorganic fertilizers are limited.",4,2024-06-10 14:14:16.201000+00:00,2024-06-10 14:14:16.207000+00:00,1113,193
12,"Medicare should decreases the quality of care and takes away Americans. To avoid drugs, and abuse substances.",2,2024-06-10 13:48:08.828000+00:00,2024-06-10 13:48:08.845000+00:00,1263,101
13,same to me,0,2024-06-10 13:53:37.091000+00:00,2024-06-10 13:53:37.098000+00:00,1252,328
14,That's Agree this positive,0,2024-06-10 13:54:39.414000+00:00,2024-06-10 13:54:39.425000+00:00,1178,290
23,"This is to say let's make America great again! I think that for this we need extensive development programs and a lively and progressive thinking. It is not enough to discuss, but we must act!",0,2024-06-10 14:15:40.879000+00:00,2024-06-10 14:15:40.886000+00:00,786,301
15,yes its safety,4,2024-06-10 13:55:03.734000+00:00,2024-06-10 13:55:03.746000+00:00,1269,246
16,i agree with you.,4,2024-06-10 13:55:29.748000+00:00,2024-06-10 13:55:29.755000+00:00,1058,23
35,ofcourse. Encouraging a mindset of hard work and celebrating success focuses on individual achievement,3,2024-06-10 16:47:00.127000+00:00,2024-06-10 16:47:00.137000+00:00,1147,264
17,its very useful for covid -19 package .,0,2024-06-10 13:57:11.318000+00:00,2024-06-10 13:57:11.325000+00:00,1274,324
30,Still some people questioning GMO and spreading false news.,4,2024-06-10 15:09:46.087000+00:00,2024-06-10 15:09:46.096000+00:00,23,91
18,it is very useful for all human being to live a happy life,2,2024-06-10 13:57:56.220000+00:00,2024-06-10 13:57:56.233000+00:00,1239,106
24,I think the govt is doing its best but that's not going to be enough. They need to be more concerned about the situation. The rate of unemployment is increasing day by day.,0,2024-06-10 14:34:43.685000+00:00,2024-06-10 14:34:43.691000+00:00,1070,193
25,medicare is useful for all human beings in our life,0,2024-06-10 14:36:04.009000+00:00,2024-06-10 14:36:04.015000+00:00,1190,291
26,I too worried,4,2024-06-10 14:37:24.730000+00:00,2024-06-10 14:37:24.735000+00:00,106,291
31,"The only potential risk is the rumor spread by people about GMO, otherwise its pretty safe.",4,2024-06-10 15:26:51.598000+00:00,2024-06-10 15:26:51.607000+00:00,106,5
27,"Can you give a valid evidence to support your stance, if not then please don't spread negativity about GMOs. ",4,2024-06-10 14:43:27.218000+00:00,2024-06-10 14:43:27.227000+00:00,451,193
36,But isn't Medicaid just as good?,2,2024-06-10 16:47:12.209000+00:00,2024-06-10 16:47:12.216000+00:00,1308,301
32,"yes. you are correct. positive  and encouraging  message, promoting  economic growth and healthcare improvement.",2,2024-06-10 16:36:37.478000+00:00,2024-06-10 16:36:37.483000+00:00,1317,264
33,That is great news! I wonder what the anti-GMOs will say in response.,4,2024-06-10 16:40:07.465000+00:00,2024-06-10 16:40:07.483000+00:00,1213,3
40,"I don't understand your stance. Do you think they shouldn't be taxed at all, or just that they shouldn't have an additional tax for a net worth over $50 million.",3,2024-06-10 16:56:43.727000+00:00,2024-06-10 16:56:43.734000+00:00,44,3
34,I agree with your words. This focus on GMOs in  sustainable farming  reflects the  benefit of science,4,2024-06-10 16:41:43.820000+00:00,2024-06-10 16:41:43.828000+00:00,1245,264
37,"Yeah, It always amazes me how many that are against GMOs have no idea how many people would starve without them.",4,2024-06-10 16:47:18.926000+00:00,2024-06-10 16:47:18.934000+00:00,23,3
38,Agreed. Full shutdowns have their own problems that may out way the benefits.,0,2024-06-10 16:49:55.797000+00:00,2024-06-10 16:49:55.813000+00:00,1076,3
43,"What is your alternative for funding? Frankly, 2% doesn't sound like a lot.",3,2024-06-10 17:16:39.521000+00:00,2024-06-10 17:16:39.537000+00:00,568,3
39,"I think people really underestimate how important your diet is, both physically and mentally.",4,2024-06-10 16:52:41.266000+00:00,2024-06-10 16:52:41.273000+00:00,116,3
41,"Have they actually found any health effect between GMO and none GMO? If not, I don't think it is necessary to label them.",4,2024-06-10 17:01:43.425000+00:00,2024-06-10 17:01:43.430000+00:00,275,3
42,It seems that this is the solution for the survival of mankind.,4,2024-06-10 17:16:22.567000+00:00,2024-06-10 17:16:22.572000+00:00,678,301
45,"This is about a revolution in world food. Someone said that the next world crisis will be caused by hunger. With the help of GMO, I think we will overcome this obstacle!",4,2024-06-10 21:16:34.758000+00:00,2024-06-10 21:16:34.768000+00:00,511,301
44,"I'm not sure how much help increased testing will be, but I wouldn't hurt.",0,2024-06-10 17:31:49.026000+00:00,2024-06-10 17:31:49.031000+00:00,1252,3
46,"Correct, this is the golden dream of mankind: healthcare for everyone! It wouldn't be a problem, if it didn't cost a lot of money!",2,2024-06-10 21:19:34.064000+00:00,2024-06-10 21:19:34.079000+00:00,319,301
47,For this we must all mobilize and support the government's effort in the fight to eradicate the pandemic!,0,2024-06-10 21:21:30.770000+00:00,2024-06-10 21:21:30.775000+00:00,716,301
48,"What is worse, government intrusion, or the death of those infected with the merciless virus?",0,2024-06-10 21:24:24.389000+00:00,2024-06-10 21:24:24.395000+00:00,195,301
49,I also benefited from this help! It was exceptionally welcome!,0,2024-06-10 21:28:57.216000+00:00,2024-06-10 21:28:57.223000+00:00,1274,301
50,"If they have contributed then they also have taken too much, you need to understand that.",3,2024-06-11 00:22:07.241000+00:00,2024-06-11 00:22:07.248000+00:00,941,193
51,can you show us the source that says GMOs can lead to cancer. ,4,2024-06-11 00:40:27.617000+00:00,2024-06-11 00:40:27.625000+00:00,451,5
52,What type of privileges? Just because they can afford better doesn't mean they can't advocate for everyone to have access to a minimum level of healthcare.,2,2024-06-11 13:38:30.013000+00:00,2024-06-11 13:38:30.018000+00:00,284,3
78,I appreciate the initiative by the govt. but now they need to be focused more on solving unemployment issue that the country currently going through post COVID crisis.,0,2024-06-11 16:10:47.869000+00:00,2024-06-11 16:10:47.875000+00:00,1274,193
53,"Helping the low income get internet is a good thing, but I always find it annoying how they sneak funding for unrelated issues into feel good packages like this to force the funding through, feels really under handed and deceptive.",0,2024-06-11 13:44:03.535000+00:00,2024-06-11 13:44:03.540000+00:00,1274,3
67,its very useful for medicine,2,2024-06-11 14:46:08.193000+00:00,2024-06-11 14:46:08.200000+00:00,1124,101
54,"yes,sure",3,2024-06-11 13:47:55.451000+00:00,2024-06-11 13:47:55.455000+00:00,1096,229
55,Can you provide sources for this claim? I would want to know how much GMOs effect resistance before even deciding if it is worth bringing up for discussion.,4,2024-06-11 13:48:35.248000+00:00,2024-06-11 13:48:35.254000+00:00,847,3
56,"I have never heard of any of this being true, please provide sources.",4,2024-06-11 13:49:26.396000+00:00,2024-06-11 13:49:26.401000+00:00,1271,3
68,yes its medicare,2,2024-06-11 14:58:15.806000+00:00,2024-06-11 14:58:15.810000+00:00,1407,328
57,"This post enthusiastically endorses ""Medicare for All Who Want It,"" highlighting its inclusivity and flexibility in healthcare access, presenting it as a solution with genuine choices. It is very useful.",2,2024-06-11 13:54:35.457000+00:00,2024-06-11 13:54:35.462000+00:00,1361,264
58,"Like no tax at all, or just no additional tax for making over a certain amount?",3,2024-06-11 13:58:20.244000+00:00,2024-06-11 13:58:20.252000+00:00,82,3
84,"Lots of studies by scientists say that the GMO foods you can buy are okay to eat. Before these foods can be sold, government groups like the FDA and EFSA check them really carefully.",4,2024-06-11 19:46:09.647000+00:00,2024-06-11 19:46:09.653000+00:00,1269,91
59,it is same as for pneumonia it is really terrible.,0,2024-06-11 13:59:50.961000+00:00,2024-06-11 13:59:50.968000+00:00,1151,247
69,gmo food is very healthy ,4,2024-06-11 14:59:00.230000+00:00,2024-06-11 14:59:00.236000+00:00,1408,325
60,I don't think removing taxes is going to cause the rich to spend more on charity without some sort of incentive.,3,2024-06-11 14:03:16.573000+00:00,2024-06-11 14:03:16.579000+00:00,1048,3
61,"Yeah, I'm open to out of the box thinking, but no taxing the rich just seem way overly optimistic.",3,2024-06-11 14:04:17.629000+00:00,2024-06-11 14:04:17.634000+00:00,986,3
79,But why do we tolerate those detractors who deny the usefulness and safety of GMO food?,4,2024-06-11 16:19:27.995000+00:00,2024-06-11 16:19:28+00:00,1269,301
62,Why would they help others for no benefit instead of just buying another house or car?,3,2024-06-11 14:05:43.409000+00:00,2024-06-11 14:05:43.413000+00:00,621,3
70,its useful to wealthy tax,3,2024-06-11 14:59:38.198000+00:00,2024-06-11 14:59:38.203000+00:00,1327,292
63,its useful for medicare,2,2024-06-11 14:08:40.179000+00:00,2024-06-11 14:08:40.185000+00:00,1294,291
64,its very useful for everyone,2,2024-06-11 14:11:43.947000+00:00,2024-06-11 14:11:43.953000+00:00,1282,106
65,"I've always found people that are against GMOs weird and they never really have any good argument against them, just handwaving at toxins and cancer.",4,2024-06-11 14:16:50.688000+00:00,2024-06-11 14:16:50.693000+00:00,1372,3
66,Why aren't you convinced?,4,2024-06-11 14:17:45.423000+00:00,2024-06-11 14:17:45.429000+00:00,1058,3
71,medicare is essential,2,2024-06-11 15:01:32.828000+00:00,2024-06-11 15:01:32.833000+00:00,1411,299
80,"Indeed, a solution had to be found for the increasingly threatening food crisis that looms on the horizon. Scientists should therefore be congratulated!",4,2024-06-11 16:22:37.897000+00:00,2024-06-11 16:22:37.903000+00:00,1245,301
72,gmo food is safe,4,2024-06-11 15:05:58.885000+00:00,2024-06-11 15:05:58.892000+00:00,1413,246
73,its correct negatively impact,4,2024-06-11 15:09:05.943000+00:00,2024-06-11 15:09:05.948000+00:00,918,290
74,gmo foods is not affects  ,4,2024-06-11 15:09:52.354000+00:00,2024-06-11 15:09:52.360000+00:00,1415,324
81,I completely agree!!!,2,2024-06-11 17:59:37.440000+00:00,2024-06-11 17:59:37.445000+00:00,1199,292
75,"Wealth taxes can bring in a lot of money for governments. They can use this money to pay for things like schools, hospitals, helping people who need it, building roads, and other things that make life better for everyone.",3,2024-06-11 15:28:57.766000+00:00,2024-06-11 15:28:57.771000+00:00,1246,193
76,This is especially about the moral aspect. Is it moral to tax the rich more? Are they to blame for the poverty of others?,3,2024-06-11 15:58:44.574000+00:00,2024-06-11 15:58:44.581000+00:00,1246,301
85,"I agree with you, scientist has already confirmed this that the GMO is safe.",4,2024-06-11 20:03:23.785000+00:00,2024-06-11 20:03:23.792000+00:00,1372,91
77,"I agree with you. Closing business in the name of Covid is a bad approach. It will lead nation to financial crisis, which will cost much more damages to us.",0,2024-06-11 16:04:43.018000+00:00,2024-06-11 16:04:43.026000+00:00,989,193
82,"I disagree, anything can be funny, even serious topics.",4,2024-06-11 19:08:09.732000+00:00,2024-06-11 19:08:09.741000+00:00,773,3
83,How would a wealth tax work? Most of the rich's wealth is in assets and isn't liquid.,3,2024-06-11 19:12:05.436000+00:00,2024-06-11 19:12:05.445000+00:00,1379,3
89,"There is no cause for concern, research has proven this!",4,2024-06-11 20:24:34.160000+00:00,2024-06-11 20:24:34.173000+00:00,1385,301
86,"true indeed, the GMO crops are enriched with nutrients compared to naturally grown crops.",4,2024-06-11 20:06:43.287000+00:00,2024-06-11 20:06:43.302000+00:00,1408,91
87,"this chart seem incomplete to me, will you please elaborate.",0,2024-06-11 20:09:50.908000+00:00,2024-06-11 20:09:50.921000+00:00,1399,91
93,The minor potential risks about intaking GMO foods are already been subdued by the scientists.,4,2024-06-11 21:21:41.504000+00:00,2024-06-11 21:21:41.512000+00:00,1440,5
88,But still some people spreading negativity about the GMO.,4,2024-06-11 20:13:16.696000+00:00,2024-06-11 20:13:16.707000+00:00,1461,91
92,My opinion is same as yours. GMOs are the best replacement for those traditionally grown foods and they are healthy too but still some people spreading rumors and negetivity.,4,2024-06-11 20:44:58.578000+00:00,2024-06-11 20:44:58.584000+00:00,1372,5
90,Probably in Senegal people are more resistant to the virus!,0,2024-06-11 20:26:54.588000+00:00,2024-06-11 20:26:54.607000+00:00,824,301
91,"Covid in not a thread as it was earlier, rather I would say our economy is in grave danger. Our government need to look into this matter.",0,2024-06-11 20:36:35.370000+00:00,2024-06-11 20:36:35.377000+00:00,1151,5
94,"You're absolutely right! Regulatory agencies around the world prioritize the safety of our food supply, and GMOs undergo thorough testing before reaching consumers. There's no evidence of direct health risks from currently available GMOs.",4,2024-06-11 23:57:01.228000+00:00,2024-06-11 23:57:01.234000+00:00,1461,236
95,Absolutely agree! Mental health is just as important as physical health. It's brave to acknowledge when we need help and to seek it out. Let's continue to support each other and promote a culture where everyone feels safe to talk about their struggles.,2,2024-06-12 00:38:43.697000+00:00,2024-06-12 00:38:43.703000+00:00,1402,236
96,"no risk
",2,2024-06-12 03:06:02.098000+00:00,2024-06-12 03:06:02.102000+00:00,1481,165
135,I'm sorry if my post was unclear; my intention is to provide balanced information so people can make informed choices about GMO foods based on their own beliefs and preferences.,4,2024-06-13 03:11:25.579000+00:00,2024-06-13 03:11:25.584000+00:00,1398,264
136,Thank you all for your supportive comments! It's heartening to see such a positive and encouraging discussion around mental health; let's keep spreading awareness and kindness,2,2024-06-13 03:15:29.084000+00:00,2024-06-13 03:15:29.089000+00:00,1402,264
97,"A wealth tax is a type of tax that is levied on an individual's net worth, which is the total value of their assets minus their liabilities. While it's true that a significant portion of the wealthy's wealth may be tied up in illiquid assets, such as real estate, stocks, or businesses, there are several ways that a wealth tax could be designed to address this issue.",3,2024-06-12 03:15:45.664000+00:00,2024-06-12 03:15:45.669000+00:00,1379,165
121,"Dear colleague, do you think that if we take from some and give to others, we will solve something? The world has been divided into rich and poor since immemorial time, and this seems to be implemented in the human genome. Have you seen the TV series ""rich man, poor man""?",3,2024-06-12 18:57:05.027000+00:00,2024-06-12 18:57:05.040000+00:00,1439,301
98,"Sure. Here is the explanation. The image shows the Earth surrounded by recycling arrows with a flame behind it, symbolizing the idea that addressing climate change involves both managing our planet's resources and tackling global warming.",0,2024-06-12 04:43:38.620000+00:00,2024-06-12 04:43:38.624000+00:00,1399,264
114,"I don't really have a strong opinion one way or the other, but I think this is a reasonable fear that can't just be handwaved away.",3,2024-06-12 15:54:41.945000+00:00,2024-06-12 15:54:41.953000+00:00,1450,3
99,"I totally agree! Practices like yoga and meditation can be really helpful for mental health. Do you have any favorite techniques, or would you like some suggestions?",2,2024-06-12 04:46:38.987000+00:00,2024-06-12 04:46:38.992000+00:00,1402,264
100,its very usefull,2,2024-06-12 13:30:23.563000+00:00,2024-06-12 13:30:23.568000+00:00,1503,328
101,ITS SO SAFE FOR FOOD,4,2024-06-12 13:32:53.257000+00:00,2024-06-12 13:32:53.262000+00:00,1296,291
115,"Yes, Mental health is just as important as physical and more people need to understand that.",2,2024-06-12 16:06:00.823000+00:00,2024-06-12 16:06:00.829000+00:00,1402,3
102,its safe for food,4,2024-06-12 13:37:05.367000+00:00,2024-06-12 13:37:05.372000+00:00,1405,101
103,the virus is very bad.,0,2024-06-12 13:41:57.373000+00:00,2024-06-12 13:41:57.377000+00:00,1515,324
129,"First of all you need some knowledge about what GMO is, then you will stop posting this kind of unethical things.",4,2024-06-12 21:57:45.072000+00:00,2024-06-12 21:57:45.078000+00:00,1398,5
104,covid-19 is better rest to treatment.,0,2024-06-12 13:45:06.112000+00:00,2024-06-12 13:45:06.118000+00:00,1517,299
116,"where the government offers a public health insurance plan, could provide a lower-cost alternative to private insurance while maintaining some of the benefits of private insurance.",2,2024-06-12 17:09:29.982000+00:00,2024-06-12 17:09:29.986000+00:00,1456,165
105,its useful for all unhealthy people,0,2024-06-12 13:48:29.493000+00:00,2024-06-12 13:48:29.498000+00:00,1165,106
106,"no, its not fair it just collect the tax from high class people to serve the low class people.",3,2024-06-12 13:49:16.437000+00:00,2024-06-12 13:49:16.442000+00:00,1483,229
122,"Please don't guide people in wrong way, we have already suffered enough due to Covid-19. Taking medicine without prescription from doctor can cause serious issue.",0,2024-06-12 19:16:04.648000+00:00,2024-06-12 19:16:04.656000+00:00,1517,91
107,medicare of all introduced the united states,2,2024-06-12 13:50:13.980000+00:00,2024-06-12 13:50:13.986000+00:00,1521,246
117,So basically you are saying that those middle class people who earns for their families are not successful! why only poor and middle class people would take the maximum burden of taxes!,3,2024-06-12 17:51:54.900000+00:00,2024-06-12 17:51:54.904000+00:00,1478,193
108,medicare provide comprehensive.,2,2024-06-12 13:57:26.812000+00:00,2024-06-12 13:57:26.817000+00:00,1527,325
109,"YES, SURE Our safety is first celebration as next",0,2024-06-12 14:00:51.017000+00:00,2024-06-12 14:00:51.025000+00:00,997,247
110,Why do you think GMOs are experimental or cause health issues?,4,2024-06-12 14:21:58.838000+00:00,2024-06-12 14:21:58.843000+00:00,1119,3
118,In my opinion GMO is completely safe to consume. We should not believe on any rumors without valid context. ,4,2024-06-12 17:58:26.981000+00:00,2024-06-12 17:58:26.986000+00:00,1372,193
111,This has been true for years and for some reason people still believe in the anti-GMO hysteria.,4,2024-06-12 14:54:08.447000+00:00,2024-06-12 14:54:08.452000+00:00,1461,3
112,"I don't believe in the anti-GMO arguments, but I am always for transparency and the ability for people to see the data.",4,2024-06-12 15:15:43.355000+00:00,2024-06-12 15:15:43.360000+00:00,1442,3
125,It seems completely a manipulative post to me. You are basically discouraging people from buying GMO food.,4,2024-06-12 20:31:20.654000+00:00,2024-06-12 20:31:20.661000+00:00,1398,91
113,Agreed! No matter the issue you should always weight the pros and cons and not just focus on one and ignore the other.,4,2024-06-12 15:31:00.541000+00:00,2024-06-12 15:31:00.546000+00:00,1440,3
119,A wealth tax on the richest people can help raise money for important things like you mentioned but at the same time govt. must ensure careful planning to work this well without causing problems.,3,2024-06-12 18:06:05.594000+00:00,2024-06-12 18:06:05.599000+00:00,1439,193
123,"I completely agree with you. A wealth tax could make a big difference in creating a fairer society. It's about time we address wealth inequality and use the resources to benefit everyone, especially in improving essential public services. Great point.",3,2024-06-12 20:09:21.101000+00:00,2024-06-12 20:09:21.107000+00:00,1439,5
120,Have you heard of any cases of illness or death due to GMOs? I did not hear!,4,2024-06-12 18:08:59.329000+00:00,2024-06-12 18:08:59.333000+00:00,1385,301
124,Researches are still on going but there are enough studies shows that the GMO is completely safe.,4,2024-06-12 20:12:12.127000+00:00,2024-06-12 20:12:12.134000+00:00,1385,5
126,How could you say this! Many poor people are getting benefit from Medicare support. ,2,2024-06-12 20:34:52.857000+00:00,2024-06-12 20:34:52.863000+00:00,434,91
127,"I agree with you, but how did you set this threshold of 100 million? Why not 90 or 110?",3,2024-06-12 21:06:51.584000+00:00,2024-06-12 21:06:51.588000+00:00,1384,301
130,"Thank you for your perspective. While it's true that many studies suggest GMOs are safe, ongoing research is essential to address long-term impacts and any emerging concerns. It's important to balance innovation with caution and ensure that all voices are heard in the discussion about our food systems. ",4,2024-06-12 22:56:13.268000+00:00,2024-06-12 22:56:13.275000+00:00,1385,236
128,"It's a huge initiative, the govt need to be more focused on implementing it. Without proper planning it may fail. ",3,2024-06-12 21:34:03.624000+00:00,2024-06-12 21:34:03.630000+00:00,1444,5
131,I completely agree! Medicare for All has the potential to improve healthcare access and outcomes for everyone in our society. Ensuring comprehensive coverage can lead to a healthier and more equitable future. üè•üåü,2,2024-06-12 23:02:20.226000+00:00,2024-06-12 23:02:20.231000+00:00,1562,236
132,I totally agree! Transparency and rigorous testing are crucial for ensuring the safety of GMO foods. Let's continue to prioritize health and consumer trust in our food systems. üå±üî¨ #GMOTransparency #FoodSafety #TrustInScience,4,2024-06-12 23:05:03.518000+00:00,2024-06-12 23:05:03.524000+00:00,1482,236
133,Absolutely! A 2% wealth tax could provide much-needed funding for vital public services. Ensuring fair contributions helps build a stronger and more equitable society for all.,3,2024-06-12 23:14:00.558000+00:00,2024-06-12 23:14:00.563000+00:00,1561,236
134,"Indeed, COVID-19 has created significant challenges and economic strain for the government. It's crucial to support policies that promote recovery and resilience as we navigate these difficult times. ",0,2024-06-12 23:16:23.065000+00:00,2024-06-12 23:16:23.071000+00:00,1390,236
137,good effectiveness and good potential,3,2024-06-13 12:52:55.269000+00:00,2024-06-13 12:52:55.274000+00:00,1448,101
138,i obey with you,3,2024-06-13 13:27:40.268000+00:00,2024-06-13 13:27:40.275000+00:00,1475,229
139,i am not interested,3,2024-06-13 13:28:31.591000+00:00,2024-06-13 13:28:31.596000+00:00,1569,23
140,advocate for social programs,3,2024-06-13 13:34:56.690000+00:00,2024-06-13 13:34:56.700000+00:00,1345,247
141,"Has anyone done a risk assessment? What risk are you talking about, as long as there is no risk? Look at what a great teacher I had at the risk theory seminar said: ""Don't look for risk where it doesn't exist"". Or Jesus Christ when the believers went on the third day to the tomb where Jesus was buried after the crucifixion: ""Why are you looking for me where I am not""?",4,2024-06-13 14:34:14.706000+00:00,2024-06-13 14:34:14.712000+00:00,936,301
164,Absolutely I agree! It's essential to recognize the benefits that GMOs bring to agriculture and the environment. Supporting farmers and trusting scientific advancements can lead to more sustainable and productive farming practices. üå±üöú,4,2024-06-13 21:46:45.562000+00:00,2024-06-13 21:46:45.567000+00:00,1657,236
142,Economic status is good profit,2,2024-06-13 14:35:28.106000+00:00,2024-06-13 14:35:28.113000+00:00,1544,106
159,This is true about anything the government does.,0,2024-06-13 18:02:12.194000+00:00,2024-06-13 18:02:12.201000+00:00,1077,3
143,yah its right,4,2024-06-13 14:36:32.936000+00:00,2024-06-13 14:36:32.942000+00:00,1608,328
144,I CAN LEARN FROM MISTAKE ALWAYS,2,2024-06-13 14:39:11.199000+00:00,2024-06-13 14:39:11.203000+00:00,1104,291
145,the medicare went the future ,2,2024-06-13 14:44:35.257000+00:00,2024-06-13 14:44:35.267000+00:00,1614,299
160,All the above !,0,2024-06-13 18:57:45.590000+00:00,2024-06-13 18:57:45.598000+00:00,1504,301
146,yah its good one,3,2024-06-13 14:45:08.577000+00:00,2024-06-13 14:45:08.585000+00:00,1247,290
147,good potential impact and fairness,3,2024-06-13 14:45:23.103000+00:00,2024-06-13 14:45:23.108000+00:00,1484,101
148,food quality prevent good food,4,2024-06-13 14:48:13.686000+00:00,2024-06-13 14:48:13.695000+00:00,1616,325
161,"Definitely Medicare can be the great solution for overall healthcare system, but first govt must ensure how to implement it for all without any complications.",2,2024-06-13 20:31:59.808000+00:00,2024-06-13 20:31:59.818000+00:00,1199,193
149,yes exactly right,0,2024-06-13 14:49:13.720000+00:00,2024-06-13 14:49:13.732000+00:00,1189,190
150,gmo food is healthful,4,2024-06-13 14:54:04.039000+00:00,2024-06-13 14:54:04.047000+00:00,1620,246
165,Yes. I agree with your words.Your comment highlights the potential benefits of GM foods effectively. It would be even stronger by briefly addressing specific health concerns and providing examples of successful GM crops.,4,2024-06-14 01:08:30.404000+00:00,2024-06-14 01:08:30.409000+00:00,1489,264
151,medicare  is funded by the federal id good,2,2024-06-13 14:57:29.197000+00:00,2024-06-13 14:57:29.206000+00:00,1622,324
162,"Recent research has clearly shown that GM foods have the potential to solve many of the world's hunger and malnutrition problems, and to help protect and preserve the environment by increasing yield and reducing reliance upon synthetic pesticides and herbicides. Challenges ahead lie in many areas viz. safety testing, regulation, policies and food labelling. Many people feel that genetic engineering is the inevitable wave of the future and that we cannot afford to ignore a technology that has such enormous potential benefits.",4,2024-06-13 20:36:06.849000+00:00,2024-06-13 20:36:06.855000+00:00,1489,301
152,"Don't worry, be happy that GMO exists!",4,2024-06-13 15:28:05.080000+00:00,2024-06-13 15:28:05.084000+00:00,1623,301
153,So can we say that covid-19 is the Chinese virus?,0,2024-06-13 15:51:37.450000+00:00,2024-06-13 15:51:37.459000+00:00,1515,301
154,"The question is good, but please tell me why the rich are guilty because they are rich? Is there any suspicion about them?",4,2024-06-13 17:44:39.351000+00:00,2024-06-13 17:44:39.356000+00:00,1487,301
163,"If this tax can address income inequality then in no time nation's economy will be huge, so how come it discourage investors to invest in a economically grown country!",3,2024-06-13 21:39:05.076000+00:00,2024-06-13 21:39:05.081000+00:00,1655,5
155,"The dialogue must start from here, that is, whether it is right or not to overtax the rich.",4,2024-06-13 17:45:59.883000+00:00,2024-06-13 17:45:59.890000+00:00,1487,301
156,That is a reasonable concern and I would like to hear more about your idea of targeting luxury good.,3,2024-06-13 17:49:57.690000+00:00,2024-06-13 17:49:57.701000+00:00,1483,3
157,"I don't think any one source is going to give you an accurate picture, intentionally or not. You should always look to multiple independent sources before forming an opinion.",0,2024-06-13 17:56:06.250000+00:00,2024-06-13 17:56:06.256000+00:00,1496,3
168,Your honesty about your fear of GMOs is refreshing and can resonate with others who share similar concerns. A willingness to explore and understand different viewpoints can help mitigate fears and lead to more balanced opinions. ,4,2024-06-14 01:34:17.188000+00:00,2024-06-14 01:34:17.193000+00:00,558,264
158,"I always vote because I feel that you aren't allowed to complain about about politicians, if you never go out to vote. It is something I hold myself, as well as friends and family to.",0,2024-06-13 18:00:36.541000+00:00,2024-06-13 18:00:36.549000+00:00,1572,3
166,"I completely agree, Maureen! Voting is a key part of participating in our democracy, and it ensures that our voices are heard and our concerns are addressed.",0,2024-06-14 01:10:00.072000+00:00,2024-06-14 01:10:00.080000+00:00,1572,264
167,"Great point, Maureen! Relying on multiple independent sources is essential for getting a well-rounded and accurate understanding of the news. Cross-referencing multiple sources ensures you get diverse perspectives and helps filter out any biases. It‚Äôs a crucial step in staying well-informed and making balanced opinions.",0,2024-06-14 01:12:20.096000+00:00,2024-06-14 01:12:20.101000+00:00,1496,264
169,"Without expressing specific concerns or preferences, it‚Äôs hard to provide targeted advice or support. But i believe Medicare support all people for their health. we should use this opportunity",2,2024-06-14 01:36:36.904000+00:00,2024-06-14 01:36:36.909000+00:00,794,264
170,"Your comment raises an important point about fairness in taxation. Wealthy individuals, who often benefit more from economic policies, can contribute more to social programs that benefit the broader community. It's about ensuring a balanced tax system where those with more capacity to contribute do so, supporting equitable access to essential services and reducing societal disparities.",4,2024-06-14 01:40:20.628000+00:00,2024-06-14 01:40:20.632000+00:00,1487,264
171,"It's great to see discussions about GMOs! Your point about GMO foods being as healthful and safe as their non-GMO counterparts is supported by a significant body of scientific research. Organizations like the World Health Organization (WHO), the American Medical Association (AMA), and the National Academy of Sciences (NAS) have all stated that GMO foods are safe to eat and nutritionally comparable to non-GMO foods.",4,2024-06-14 03:51:14.371000+00:00,2024-06-14 03:51:14.378000+00:00,1620,236
172,"Absolutely, the advancements in GMO technology are exciting! Enhanced disease resistance and nutrient content can significantly benefit both our health and the environment. It's great to see progress towards more sustainable and nutritious food systems.",4,2024-06-14 03:53:37.017000+00:00,2024-06-14 03:53:37.022000+00:00,1664,236
173,Totally agree! GMO advancements are promising for both health and the environment. It's exciting to see how these innovations can lead to more resilient and nutritious crops. The future of agriculture looks bright!,4,2024-06-14 04:16:10.743000+00:00,2024-06-14 04:16:10.749000+00:00,1651,236
174,"This is an important topic! A 2% wealth tax could greatly help fund public services and reduce economic inequality. It's crucial to weigh the potential benefits against any economic risks. Let's explore how it can be implemented effectively.

",3,2024-06-14 04:52:37.858000+00:00,2024-06-14 04:52:37.866000+00:00,1569,236
175,"yes, really",3,2024-06-14 13:08:11.742000+00:00,2024-06-14 13:08:11.749000+00:00,1475,229
176,but it is not a threat now a days very common like other infections.,0,2024-06-14 13:22:15.022000+00:00,2024-06-14 13:22:15.026000+00:00,1151,247
189,Yes exactly right is very negative,3,2024-06-14 14:50:36.650000+00:00,2024-06-14 14:50:36.654000+00:00,880,324
177,yes really it make unbalance in economic policy.,3,2024-06-14 13:25:26.025000+00:00,2024-06-14 13:25:26.030000+00:00,1257,23
178,Very beautiful and suggestive image!,4,2024-06-14 13:36:59.327000+00:00,2024-06-14 13:36:59.334000+00:00,1607,301
179,"Thank you for your kind words! üåü I completely agree‚ÄîGMOs are pivotal in advancing agriculture, ensuring food security, and promoting sustainability. Their benefits in increasing crop yields and reducing pest issues are truly remarkable. üå±üçÖ",4,2024-06-14 13:53:22.346000+00:00,2024-06-14 13:53:22.351000+00:00,1607,236
190,Yes its different breeds is more important,4,2024-06-14 14:53:28.388000+00:00,2024-06-14 14:53:28.394000+00:00,332,291
180,It is about a government involved to the maximum and fully responsible! Sorry nwinemiller31 because I thought for a moment that you were a bot and I reported you!,0,2024-06-14 13:56:18.270000+00:00,2024-06-14 13:56:18.276000+00:00,1659,301
181,"I have had medicare since I was born, but I have never benefited from it! When I had a tooth removed at the emergency room, I paid $600 from my pocket.",2,2024-06-14 14:01:25.999000+00:00,2024-06-14 14:01:26.004000+00:00,1575,301
196,"I think it is the freedom. those born in the US seem to assume everywhere else has the same right, but it isn't uncommon to hear stories of cops in another country arresting someone for words or even social media posts, something that would bascially never happen in America.",0,2024-06-14 16:23:56.820000+00:00,2024-06-14 16:23:56.825000+00:00,1570,3
182,Yes I also faced criticism ,3,2024-06-14 14:41:14.285000+00:00,2024-06-14 14:41:14.290000+00:00,1484,101
191,I know the correct answer!,0,2024-06-14 15:15:27.155000+00:00,2024-06-14 15:15:27.160000+00:00,1714,301
183,yah its good,4,2024-06-14 14:41:14.992000+00:00,2024-06-14 14:41:15.001000+00:00,1530,328
184,Yah exactly right,3,2024-06-14 14:41:22.834000+00:00,2024-06-14 14:41:22.843000+00:00,945,290
185,yes i can generate rebuild America,3,2024-06-14 14:45:00.913000+00:00,2024-06-14 14:45:00.918000+00:00,746,292
192,"By mistake I gave a ""like"" to my own post! Have you ever experienced this?",2,2024-06-14 15:38:46.358000+00:00,2024-06-14 15:38:46.363000+00:00,1565,301
186,i also trust this type of concept,2,2024-06-14 14:45:16.408000+00:00,2024-06-14 14:45:16.412000+00:00,58,299
187,yes its reduce inequality and fund public services its very useful ,3,2024-06-14 14:48:18.794000+00:00,2024-06-14 14:48:18.798000+00:00,1444,106
188,"Absolutely. Having Medicare for All could potentially alleviate situations like the one you experienced. It aims to ensure that essential healthcare services, including emergencies, are covered without unexpected out-of-pocket costs. This could provide peace of mind for many families, knowing they won't face financial hardship during medical emergencies. Universal healthcare could truly be a game-changer, offering reliable access to care when we need it most. Here's hoping for a future where healthcare is accessible and affordable for everyone.
My mother had surgery in her neck bone. I claimed the amount through medicare. So i provide my opinion good only.",2,2024-06-14 14:49:41.148000+00:00,2024-06-14 14:49:41.153000+00:00,1575,264
197,Absolutely! It's important to recognize the rigorous testing and safety assessments that GMOs undergo before they reach the market. These measures ensure that GMOs are safe for both people and the environment. üå±üî¨,4,2024-06-14 16:29:16.541000+00:00,2024-06-14 16:29:16.545000+00:00,1607,236
193,Yeah growing GMO crops is more efficient and easier than non-GMO.,4,2024-06-14 16:09:11.345000+00:00,2024-06-14 16:09:11.350000+00:00,1608,3
194,"Yeah, It amazes me how people think GMOs are untested and just tossed out without checking how safe they are for people and the land.",4,2024-06-14 16:12:11.236000+00:00,2024-06-14 16:12:11.244000+00:00,1607,3
199,"Many countries saw the coronavirus spread quickly because its very contagious, especially in crowded places. People traveling around the world helped it spread fast. The World Health Organization keeps track of it to help stop it.",0,2024-06-14 20:35:40.419000+00:00,2024-06-14 20:35:40.425000+00:00,1714,5
195,"I'm definitely for them, the negatives are unproven and unsubstantiated and it is well documented that they increase yields and decrease chemical usage compared to non-GMO crops. Frankly I don't think modern society would be able to feed itself without the,.",4,2024-06-14 16:21:37.710000+00:00,2024-06-14 16:21:37.718000+00:00,1576,3
201,"Its normal to worry about future pandemics, but we have learned a lot from COVID-19. Let's hope for the best and keep talking in the years ahead.",0,2024-06-14 20:47:17.156000+00:00,2024-06-14 20:47:17.169000+00:00,1564,5
198,"Scientists find genes, change them, and insert them into organisms using vectors. These genes are then expressed, creating new traits. Successful cells are selected through screening, enabling the creation of organisms with desired characteristics.",4,2024-06-14 20:31:32.100000+00:00,2024-06-14 20:31:32.109000+00:00,1736,5
200,"Having Medicare helps with medical costs, but sickness can happen to anyone, rich or famous. Its important to take care of health regardless of insurance. Regular check-ups and quick treatment are important for everyone.",2,2024-06-14 20:42:23.712000+00:00,2024-06-14 20:42:23.717000+00:00,1565,5
203,"That's a great question! Scientists use advanced techniques like gene splicing and CRISPR to separate and edit genes. By doing this, they can introduce new traits, such as pest resistance or increased nutritional value, into crops. It's amazing what modern science can achieve! ",4,2024-06-15 00:01:10.222000+00:00,2024-06-15 00:01:10.234000+00:00,1736,236
202,"I hear your worries, but a small tax on the wealthiest can help make things fairer and fund important services. It's about everyone doing their part for society. Innovation can still happen with fair taxes in place.",3,2024-06-14 20:55:55.034000+00:00,2024-06-14 20:55:55.040000+00:00,1712,91
204,GMO crops has no adverse effect on environment.,4,2024-06-15 01:53:24.330000+00:00,2024-06-15 01:53:24.336000+00:00,1623,91
206,The govt definitely has done a great job to curb COVID-19 but I think it failed to support people in other way like financial crisis during the pandemic and also unemployment issue.,0,2024-06-15 02:17:25.557000+00:00,2024-06-15 02:17:25.569000+00:00,1642,5
205,Not only it can reduce income inequality but also benefit the nation's overall economy.,3,2024-06-15 02:04:02.817000+00:00,2024-06-15 02:04:02.825000+00:00,885,91
207,"Medicare for All could mean less money spent on healthcare for you. It might cover more medical services and lower what you pay out of your own pocket. It could also mean better healthcare, like check-ups and medicine.",2,2024-06-15 02:26:36.556000+00:00,2024-06-15 02:26:36.563000+00:00,1575,193
208,"The debate about Medicare and Medicaid centers on who should qualify for government healthcare and how much money should go into these programs. Some say Medicare should cover more services or people, while others want stricter rules to keep the programs affordable. Finding a balance is important for shaping healthcare policies that work well for everyone.",2,2024-06-15 02:36:05.147000+00:00,2024-06-15 02:36:05.161000+00:00,1560,193
